browser,version,screenWidth,screenHeight,OS,OS_lang,GMT_timestamp,local_timestamp,link,calibration
Chrome,84.0.4147.105,2560,1440,MacOS,en-US,2020-08-07_20:27:19,2020-08-07_13:27:19,https://www.testable.org/experiment/4629/283054/start,0.86

rowNo,type,stim1,stimFormat,ITI,responseType,responseOptions,trialText,object_shown,ITI_ms,ITI_f,ITI_fDuration,timestamp,response,RT,responseCode
5,test,smartphone_1,.png,"800",slider,0_10_1,How typical is this orientation?,smartphone,801,48,"16.68",198144,"1",3226,1
6,test,smartphone_2,.png,"800",slider,0_10_1,How typical is this orientation?,smartphone,801,48,"16.68",202374,"10",3412,10
7,test,smartphone_3,.png,"800",slider,0_10_1,How typical is this orientation?,smartphone,801,48,"16.68",208326,"5",5128,5
8,test,smartphone_4,.png,"800",slider,0_10_1,How typical is this orientation?,smartphone,801,48,"16.68",211972,"10",2836,10
9,test,smartphone_5,.png,"800",slider,0_10_1,How typical is this orientation?,smartphone,801,48,"16.68",215864,"2",3074,2
10,test,cow_1,.png,"800",slider,0_10_1,How typical is this orientation?,cow,801,48,"16.68",221719,"5",5045,5
11,test,cow_2,.png,"800",slider,0_10_1,How typical is this orientation?,cow,801,48,"16.68",224956,"10",2426,10
12,test,cow_3,.png,"800",slider,0_10_1,How typical is this orientation?,cow,801,48,"16.68",229833,"6",4067,6
13,test,cow_4,.png,"800",slider,0_10_1,How typical is this orientation?,cow,801,48,"16.68",236244,"8",5592,8
14,test,cow_5,.png,"800",slider,0_10_1,How typical is this orientation?,cow,801,48,"16.68",239687,"9",2630,9
15,test,horse_1,.png,"800",slider,0_10_1,How typical is this orientation?,horse,801,48,"16.68",242731,"10",2222,10
16,test,horse_2,.png,"800",slider,0_10_1,How typical is this orientation?,horse,801,48,"16.68",246575,"10",3027,10
17,test,horse_3,.png,"800",slider,0_10_1,How typical is this orientation?,horse,801,48,"16.68",251456,"8",4057,8
18,test,horse_4,.png,"800",slider,0_10_1,How typical is this orientation?,horse,801,48,"16.68",255684,"8",3414,8
19,test,horse_5,.png,"800",slider,0_10_1,How typical is this orientation?,horse,801,48,"16.68",258432,"5",1942,5
20,test,camera_1,.png,"800",slider,0_10_1,How typical is this orientation?,camera,801,48,"16.68",261812,"7",2570,7
21,test,camera_2,.png,"800",slider,0_10_1,How typical is this orientation?,camera,801,48,"16.68",265258,"7",2628,7
22,test,camera_3,.png,"800",slider,0_10_1,How typical is this orientation?,camera,801,48,"16.68",268374,"3",2309,3
23,test,camera_4,.png,"800",slider,0_10_1,How typical is this orientation?,camera,801,48,"16.68",272065,"9",2883,9
24,test,camera_5,.png,"800",slider,0_10_1,How typical is this orientation?,camera,801,48,"16.68",276328,"7",3441,7
25,test,rat_1,.png,"800",slider,0_10_1,How typical is this orientation?,rat,801,48,"16.68",279636,"10",2495,10
26,test,rat_2,.png,"800",slider,0_10_1,How typical is this orientation?,rat,801,48,"16.68",282775,"10",2333,10
27,test,rat_3,.png,"800",slider,0_10_1,How typical is this orientation?,rat,801,48,"16.68",286774,"3",3179,3
28,test,rat_4,.png,"800",slider,0_10_1,How typical is this orientation?,rat,801,48,"16.68",292230,"2",4648,2
29,test,rat_5,.png,"800",slider,0_10_1,How typical is this orientation?,rat,801,48,"16.68",295274,"2",2222,2
30,test,cat_1,.png,"800",slider,0_10_1,How typical is this orientation?,cat,801,48,"16.68",298334,"10",2245,10
31,test,cat_2,.png,"800",slider,0_10_1,How typical is this orientation?,cat,801,48,"16.68",301313,"10",2170,10
32,test,cat_3,.png,"800",slider,0_10_1,How typical is this orientation?,cat,801,48,"16.68",309252,"9",7126,9
33,test,cat_4,.png,"800",slider,0_10_1,How typical is this orientation?,cat,801,48,"16.68",319575,"4",9509,4
34,test,cat_5,.png,"800",slider,0_10_1,How typical is this orientation?,cat,801,48,"16.68",326168,"7",5776,7
35,test,car_1,.png,"800",slider,0_10_1,How typical is this orientation?,car,801,48,"16.68",329324,"2",2342,2
36,test,car_2,.png,"800",slider,0_10_1,How typical is this orientation?,car,801,48,"16.68",335243,"5",5110,5
37,test,car_3,.png,"800",slider,0_10_1,How typical is this orientation?,car,801,48,"16.68",338968,"9",2913,9
38,test,car_4,.png,"800",slider,0_10_1,How typical is this orientation?,car,801,48,"16.68",344311,"10",4520,10
39,test,car_5,.png,"800",slider,0_10_1,How typical is this orientation?,car,801,48,"16.68",347755,"8",2626,8
40,test,rabbit_1,.png,"800",slider,0_10_1,How typical is this orientation?,rabbit,801,48,"16.68",353315,"8",4749,8
41,test,rabbit_2,.png,"800",slider,0_10_1,How typical is this orientation?,rabbit,801,48,"16.68",357913,"10",3777,10
42,test,rabbit_3,.png,"800",slider,0_10_1,How typical is this orientation?,rabbit,801,48,"16.68",362071,"10",3347,10
43,test,rabbit_4,.png,"800",slider,0_10_1,How typical is this orientation?,rabbit,801,48,"16.68",368960,"9",6067,9
44,test,rabbit_5,.png,"800",slider,0_10_1,How typical is this orientation?,rabbit,799,48,"16.64",373863,"10",4082,10
45,test,saw_1,.png,"800",slider,0_10_1,How typical is this orientation?,saw,801,48,"16.68",378123,"10",3439,10
46,test,saw_2,.png,"800",slider,0_10_1,How typical is this orientation?,saw,801,48,"16.68",382602,"6",3663,6
47,test,saw_3,.png,"800",slider,0_10_1,How typical is this orientation?,saw,801,48,"16.68",386031,"9",2606,9
48,test,saw_4,.png,"800",slider,0_10_1,How typical is this orientation?,saw,801,48,"16.68",389220,"6",2377,6
49,test,saw_5,.png,"800",slider,0_10_1,How typical is this orientation?,saw,799,48,"16.64",392359,"10",2329,10
50,test,frog_1,.png,"800",slider,0_10_1,How typical is this orientation?,frog,801,48,"16.68",397894,"10",4727,10
51,test,frog_2,.png,"800",slider,0_10_1,How typical is this orientation?,frog,801,48,"16.68",401555,"10",2852,10
52,test,frog_3,.png,"800",slider,0_10_1,How typical is this orientation?,frog,801,48,"16.68",405223,"10",2849,10
53,test,frog_4,.png,"800",slider,0_10_1,How typical is this orientation?,frog,801,48,"16.68",408540,"6",2495,6
54,test,frog_5,.png,"800",slider,0_10_1,How typical is this orientation?,frog,801,48,"16.68",412082,"10",2736,10
55,test,boat_1,.png,"800",slider,0_10_1,How typical is this orientation?,boat,801,48,"16.68",416503,"10",3605,10
56,test,boat_2,.png,"800",slider,0_10_1,How typical is this orientation?,boat,801,48,"16.68",420783,"10",3463,10
57,test,boat_3,.png,"800",slider,0_10_1,How typical is this orientation?,boat,801,48,"16.68",423747,"10",2157,10
58,test,boat_4,.png,"800",slider,0_10_1,How typical is this orientation?,boat,801,48,"16.68",427970,"6",3412,6
59,test,boat_5,.png,"800",slider,0_10_1,How typical is this orientation?,boat,801,48,"16.68",431406,"8",2626,8
60,test,whale_1,.png,"800",slider,0_10_1,How typical is this orientation?,whale,801,48,"16.68",437101,"7",4884,7
61,test,whale_2,.png,"800",slider,0_10_1,How typical is this orientation?,whale,801,48,"16.68",441739,"10",3819,10
62,test,whale_3,.png,"800",slider,0_10_1,How typical is this orientation?,whale,801,48,"16.68",446839,"4",4281,4
63,test,whale_4,.png,"800",slider,0_10_1,How typical is this orientation?,whale,801,48,"16.68",449725,"4",2063,4
64,test,whale_5,.png,"800",slider,0_10_1,How typical is this orientation?,whale,801,48,"16.68",453049,"10",2502,10
65,test,bear_1,.png,"800",slider,0_10_1,How typical is this orientation?,bear,801,48,"16.68",459531,"10",5666,10
66,test,bear_2,.png,"800",slider,0_10_1,How typical is this orientation?,bear,801,48,"16.68",464680,"7",4341,7
67,test,bear_3,.png,"800",slider,0_10_1,How typical is this orientation?,bear,801,48,"16.68",468157,"4",2666,4
68,test,bear_4,.png,"800",slider,0_10_1,How typical is this orientation?,bear,801,48,"16.68",471041,"9",2063,9
69,test,bear_5,.png,"800",slider,0_10_1,How typical is this orientation?,bear,801,48,"16.68",474037,"6",2173,6
70,test,fish_1,.png,"800",slider,0_10_1,How typical is this orientation?,fish,801,48,"16.68",476825,"10",1975,10
71,test,fish_2,.png,"800",slider,0_10_1,How typical is this orientation?,fish,801,48,"16.68",482008,"7",4373,7
72,test,fish_3,.png,"800",slider,0_10_1,How typical is this orientation?,fish,801,48,"16.68",486046,"10",3221,10
73,test,fish_4,.png,"800",slider,0_10_1,How typical is this orientation?,fish,801,48,"16.68",488722,"10",1865,10
74,test,fish_5,.png,"800",slider,0_10_1,How typical is this orientation?,fish,801,48,"16.68",491533,"10",1988,10
75,test,elephant_1,.png,"800",slider,0_10_1,How typical is this orientation?,elephant,801,48,"16.68",494302,"10",1955,10
76,test,elephant_2,.png,"800",slider,0_10_1,How typical is this orientation?,elephant,801,48,"16.68",498919,"10",3803,10
77,test,elephant_3,.png,"800",slider,0_10_1,How typical is this orientation?,elephant,801,48,"16.68",501796,"10",2058,10
78,test,elephant_4,.png,"800",slider,0_10_1,How typical is this orientation?,elephant,801,48,"16.68",504704,"6",2097,6
79,test,elephant_5,.png,"800",slider,0_10_1,How typical is this orientation?,elephant,801,48,"16.68",507347,"10",1822,10
80,test,bell_1,.png,"800",slider,0_10_1,How typical is this orientation?,bell,801,48,"16.68",514077,"1",5915,1
81,test,bell_2,.png,"800",slider,0_10_1,How typical is this orientation?,bell,801,48,"16.68",517441,"4",2542,4
82,test,bell_3,.png,"800",slider,0_10_1,How typical is this orientation?,bell,801,48,"16.68",520932,"9",2679,9
83,test,bell_4,.png,"800",slider,0_10_1,How typical is this orientation?,bell,801,48,"16.68",524412,"9",2655,9
84,test,bell_5,.png,"800",slider,0_10_1,How typical is this orientation?,bell,801,48,"16.68",527216,"9",1992,9
85,test,wolf_1,.png,"800",slider,0_10_1,How typical is this orientation?,wolf,801,48,"16.68",533167,"10",5143,10
86,test,wolf_2,.png,"800",slider,0_10_1,How typical is this orientation?,wolf,801,48,"16.68",536323,"7",2341,7
87,test,wolf_3,.png,"800",slider,0_10_1,How typical is this orientation?,wolf,801,48,"16.68",539336,"7",2203,7
88,test,wolf_4,.png,"800",slider,0_10_1,How typical is this orientation?,wolf,801,48,"16.68",542412,"10",2258,10
89,test,wolf_5,.png,"800",slider,0_10_1,How typical is this orientation?,wolf,801,48,"16.68",546320,"4",3097,4
90,test,tape_1,.png,"800",slider,0_10_1,How typical is this orientation?,tape,801,48,"16.68",549652,"10",2511,10
91,test,tape_2,.png,"800",slider,0_10_1,How typical is this orientation?,tape,801,48,"16.68",553401,"10",2941,10
92,test,tape_3,.png,"800",slider,0_10_1,How typical is this orientation?,tape,801,48,"16.68",558055,"6",3841,6
93,test,tape_4,.png,"800",slider,0_10_1,How typical is this orientation?,tape,801,48,"16.68",583266,"10",24397,10
94,test,tape_5,.png,"800",slider,0_10_1,How typical is this orientation?,tape,801,48,"16.68",588145,"4",4058,4
95,test,butterfly_1,.png,"800",slider,0_10_1,How typical is this orientation?,butterfly,801,48,"16.68",592584,"10",3624,10
96,test,butterfly_2,.png,"800",slider,0_10_1,How typical is this orientation?,butterfly,801,48,"16.68",595755,"10",2361,10
97,test,butterfly_3,.png,"800",slider,0_10_1,How typical is this orientation?,butterfly,801,48,"16.68",604698,"9",8133,9
98,test,butterfly_4,.png,"800",slider,0_10_1,How typical is this orientation?,butterfly,801,48,"16.68",626620,"10",21116,10
99,test,butterfly_5,.png,"800",slider,0_10_1,How typical is this orientation?,butterfly,801,48,"16.68",630112,"5",2672,5
100,test,piano_1,.png,"800",slider,0_10_1,How typical is this orientation?,piano,801,48,"16.68",633355,"10",2429,10
101,test,piano_2,.png,"800",slider,0_10_1,How typical is this orientation?,piano,801,48,"16.68",635710,"10",1549,10
102,test,piano_3,.png,"800",slider,0_10_1,How typical is this orientation?,piano,801,48,"16.68",639989,"10",3457,10
103,test,piano_4,.png,"800",slider,0_10_1,How typical is this orientation?,piano,801,48,"16.68",643554,"7",2753,7
104,test,piano_5,.png,"800",slider,0_10_1,How typical is this orientation?,piano,801,48,"16.68",646852,"3",2481,3
105,test,guitar_1,.png,"800",slider,0_10_1,How typical is this orientation?,guitar,801,48,"16.68",650875,"4",3203,4
106,test,guitar_2,.png,"800",slider,0_10_1,How typical is this orientation?,guitar,801,48,"16.68",653872,"7",2179,7
107,test,guitar_3,.png,"800",slider,0_10_1,How typical is this orientation?,guitar,801,48,"16.68",656868,"10",2188,10
108,test,guitar_4,.png,"800",slider,0_10_1,How typical is this orientation?,guitar,799,48,"16.64",660943,"7",3264,7
109,test,guitar_5,.png,"800",slider,0_10_1,How typical is this orientation?,guitar,801,48,"16.68",663483,"10",1731,10
110,test,radio_1,.png,"800",slider,0_10_1,How typical is this orientation?,radio,801,48,"16.68",667378,"1",3075,1
111,test,radio_2,.png,"800",slider,0_10_1,How typical is this orientation?,radio,801,48,"16.68",669587,"10",1401,10
112,test,radio_3,.png,"800",slider,0_10_1,How typical is this orientation?,radio,801,48,"16.68",672470,"9",2063,9
113,test,radio_4,.png,"800",slider,0_10_1,How typical is this orientation?,radio,801,48,"16.68",675891,"10",2614,10
114,test,radio_5,.png,"800",slider,0_10_1,How typical is this orientation?,radio,801,48,"16.68",680059,"10",3344,10
115,test,train_1,.png,"800",slider,0_10_1,How typical is this orientation?,train,801,48,"16.68",685202,"10",4319,10
116,test,train_2,.png,"800",slider,0_10_1,How typical is this orientation?,train,801,48,"16.68",688407,"7",2384,7
117,test,train_3,.png,"800",slider,0_10_1,How typical is this orientation?,train,801,48,"16.68",691659,"10",2437,10
118,test,train_4,.png,"800",slider,0_10_1,How typical is this orientation?,train,801,48,"16.68",697356,"4",4880,4
119,test,train_5,.png,"800",slider,0_10_1,How typical is this orientation?,train,801,48,"16.68",701162,"2",2997,2
120,test,leopard_1,.png,"800",slider,0_10_1,How typical is this orientation?,leopard,801,48,"16.68",704142,"10",2159,10
121,test,leopard_2,.png,"800",slider,0_10_1,How typical is this orientation?,leopard,801,48,"16.68",708066,"10",3115,10
122,test,leopard_3,.png,"800",slider,0_10_1,How typical is this orientation?,leopard,801,48,"16.68",711110,"1",2237,1
123,test,leopard_4,.png,"800",slider,0_10_1,How typical is this orientation?,leopard,801,48,"16.68",719192,"10",7268,10
124,test,leopard_5,.png,"800",slider,0_10_1,How typical is this orientation?,leopard,801,48,"16.68",722493,"10",2493,10
125,test,bird_1,.png,"800",slider,0_10_1,How typical is this orientation?,bird,801,48,"16.68",725586,"10",2286,10
126,test,bird_2,.png,"800",slider,0_10_1,How typical is this orientation?,bird,801,48,"16.68",730224,"8",3820,8
127,test,bird_3,.png,"800",slider,0_10_1,How typical is this orientation?,bird,801,48,"16.68",733596,"7",2554,7
128,test,bird_4,.png,"800",slider,0_10_1,How typical is this orientation?,bird,801,48,"16.68",736335,"7",1925,7
129,test,bird_5,.png,"800",slider,0_10_1,How typical is this orientation?,bird,801,48,"16.68",740646,"9",3500,9
130,test,cymbal_ride_1,.png,"800",slider,0_10_1,How typical is this orientation?,cymbal_ride,801,48,"16.68",751332,"10",9866,10
131,test,cymbal_ride_2,.png,"800",slider,0_10_1,How typical is this orientation?,cymbal_ride,801,48,"16.68",755537,"8",3397,8
132,test,cymbal_ride_3,.png,"800",slider,0_10_1,How typical is this orientation?,cymbal_ride,801,48,"16.68",759480,"4",3135,4
133,test,cymbal_ride_4,.png,"800",slider,0_10_1,How typical is this orientation?,cymbal_ride,801,48,"16.68",763339,"7",3041,7
134,test,cymbal_ride_5,.png,"800",slider,0_10_1,How typical is this orientation?,cymbal_ride,801,48,"16.68",766135,"10",1984,10
135,test,chicken_1,.png,"800",slider,0_10_1,How typical is this orientation?,chicken,801,48,"16.68",772194,"10",5241,10
136,test,chicken_2,.png,"800",slider,0_10_1,How typical is this orientation?,chicken,801,48,"16.68",774678,"10",1671,10
137,test,chicken_3,.png,"800",slider,0_10_1,How typical is this orientation?,chicken,801,48,"16.68",777816,"1",2323,1
138,test,chicken_4,.png,"800",slider,0_10_1,How typical is this orientation?,chicken,801,48,"16.68",781830,"1",3202,1
139,test,chicken_5,.png,"800",slider,0_10_1,How typical is this orientation?,chicken,801,48,"16.68",784586,"8",1938,8
140,test,bus_1,.png,"800",slider,0_10_1,How typical is this orientation?,bus,801,48,"16.68",787357,"2",1955,2
141,test,bus_2,.png,"800",slider,0_10_1,How typical is this orientation?,bus,801,48,"16.68",790258,"2",2088,2
142,test,bus_3,.png,"800",slider,0_10_1,How typical is this orientation?,bus,801,48,"16.68",792781,"10",1707,10
143,test,bus_4,.png,"800",slider,0_10_1,How typical is this orientation?,bus,801,48,"16.68",796818,"10",3227,10
144,test,bus_5,.png,"800",slider,0_10_1,How typical is this orientation?,bus,801,48,"16.68",799813,"3",2185,3
145,test,walkie_1,.png,"800",slider,0_10_1,How typical is this orientation?,walkie,801,48,"16.68",803259,"10",2628,10
146,test,walkie_2,.png,"800",slider,0_10_1,How typical is this orientation?,walkie,801,48,"16.68",809635,"3",5553,3
147,test,walkie_3,.png,"800",slider,0_10_1,How typical is this orientation?,walkie,801,48,"16.68",812631,"2",2177,2
148,test,walkie_4,.png,"800",slider,0_10_1,How typical is this orientation?,walkie,799,48,"16.64",815049,"10",1609,10
149,test,walkie_5,.png,"800",slider,0_10_1,How typical is this orientation?,walkie,801,48,"16.68",818656,"4",2798,4
150,test,door_1,.png,"800",slider,0_10_1,How typical is this orientation?,door,801,48,"16.68",821619,"10",2139,10
151,test,door_2,.png,"800",slider,0_10_1,How typical is this orientation?,door,801,48,"16.68",825639,"8",3208,8
152,test,door_3,.png,"800",slider,0_10_1,How typical is this orientation?,door,801,48,"16.68",844849,"8",18399,8
153,test,door_4,.png,"800",slider,0_10_1,How typical is this orientation?,door,801,48,"16.68",853704,"4",8037,4
154,test,door_5,.png,"800",slider,0_10_1,How typical is this orientation?,door,801,48,"16.68",858696,"10",4173,10
155,test,pig_1,.png,"800",slider,0_10_1,How typical is this orientation?,pig,801,48,"16.68",862716,"8",3204,8
156,test,pig_2,.png,"800",slider,0_10_1,How typical is this orientation?,pig,801,48,"16.68",865326,"5",1794,5
157,test,pig_3,.png,"800",slider,0_10_1,How typical is this orientation?,pig,801,48,"16.68",868131,"10",1983,10
158,test,pig_4,.png,"800",slider,0_10_1,How typical is this orientation?,pig,801,48,"16.68",870806,"10",1855,10
159,test,pig_5,.png,"800",slider,0_10_1,How typical is this orientation?,pig,801,48,"16.68",873803,"7",2184,7
160,test,stapler_1,.png,"800",slider,0_10_1,How typical is this orientation?,stapler,801,48,"16.68",876844,"10",2220,10
161,test,stapler_2,.png,"800",slider,0_10_1,How typical is this orientation?,stapler,801,48,"16.68",881238,"10",3579,10
162,test,stapler_3,.png,"800",slider,0_10_1,How typical is this orientation?,stapler,801,48,"16.68",884515,"10",2469,10
163,test,stapler_4,.png,"800",slider,0_10_1,How typical is this orientation?,stapler,801,48,"16.68",887022,"10",1689,10
164,test,stapler_5,.png,"800",slider,0_10_1,How typical is this orientation?,stapler,801,48,"16.68",890899,"6",3067,6
165,test,deer_1,.png,"800",slider,0_10_1,How typical is this orientation?,deer,801,48,"16.68",895066,"5",3345,5
166,test,deer_2,.png,"800",slider,0_10_1,How typical is this orientation?,deer,801,48,"16.68",897868,"5",1994,5
167,test,deer_3,.png,"800",slider,0_10_1,How typical is this orientation?,deer,801,48,"16.68",900800,"6",2125,6
168,test,deer_4,.png,"800",slider,0_10_1,How typical is this orientation?,deer,801,48,"16.68",903940,"10",2329,10
169,test,deer_5,.png,"800",slider,0_10_1,How typical is this orientation?,deer,801,48,"16.68",906856,"10",2107,10
170,test,watering_can_1,.png,"800",slider,0_10_1,How typical is this orientation?,watering_can,799,48,"16.64",910710,"10",3045,10
171,test,watering_can_2,.png,"800",slider,0_10_1,How typical is this orientation?,watering_can,801,48,"16.68",913170,"9",1649,9
172,test,watering_can_3,.png,"800",slider,0_10_1,How typical is this orientation?,watering_can,801,48,"16.68",915764,"10",1776,10
173,test,watering_can_4,.png,"800",slider,0_10_1,How typical is this orientation?,watering_can,801,48,"16.68",919818,"8",3243,8
174,test,watering_can_5,.png,"800",slider,0_10_1,How typical is this orientation?,watering_can,801,48,"16.68",922893,"9",2266,9
175,test,salamander_1,.png,"800",slider,0_10_1,How typical is this orientation?,salamander,801,48,"16.68",935807,"8",12094,8
176,test,salamander_2,.png,"800",slider,0_10_1,How typical is this orientation?,salamander,801,48,"16.68",939509,"8",2886,8
177,test,salamander_3,.png,"800",slider,0_10_1,How typical is this orientation?,salamander,801,48,"16.68",942330,"8",2002,8
178,test,salamander_4,.png,"800",slider,0_10_1,How typical is this orientation?,salamander,799,48,"16.65",944794,"9",1650,9
179,test,salamander_5,.png,"800",slider,0_10_1,How typical is this orientation?,salamander,801,48,"16.68",947535,"9",1921,9
180,test,goose_1,.png,"800",slider,0_10_1,How typical is this orientation?,goose,801,48,"16.68",965214,"10",16863,10
181,test,goose_2,.png,"800",slider,0_10_1,How typical is this orientation?,goose,801,48,"16.68",968194,"8",2164,8
182,test,goose_3,.png,"800",slider,0_10_1,How typical is this orientation?,goose,801,48,"16.68",970629,"10",1628,10
183,test,goose_4,.png,"800",slider,0_10_1,How typical is this orientation?,goose,801,48,"16.68",973681,"10",2229,10
184,test,goose_5,.png,"800",slider,0_10_1,How typical is this orientation?,goose,801,48,"16.68",977880,"5",3375,5
185,test,drum_1,.png,"800",slider,0_10_1,How typical is this orientation?,drum,801,48,"16.68",982188,"5",3497,5
186,test,drum_2,.png,"800",slider,0_10_1,How typical is this orientation?,drum,801,48,"16.68",984927,"10",1932,10
187,test,drum_3,.png,"800",slider,0_10_1,How typical is this orientation?,drum,801,48,"16.68",987868,"1",2122,1
188,test,drum_4,.png,"800",slider,0_10_1,How typical is this orientation?,drum,801,48,"16.68",990318,"1",1634,1
189,test,drum_5,.png,"800",slider,0_10_1,How typical is this orientation?,drum,801,48,"16.68",996976,"10",5842,10
190,test,snake_1,.png,"800",slider,0_10_1,How typical is this orientation?,snake,801,48,"16.68",1001173,"9",3383,9
191,test,snake_2,.png,"800",slider,0_10_1,How typical is this orientation?,snake,801,48,"16.68",1005064,"5",3071,5
192,test,snake_3,.png,"800",slider,0_10_1,How typical is this orientation?,snake,801,48,"16.68",1007870,"10",1989,10
193,test,snake_4,.png,"800",slider,0_10_1,How typical is this orientation?,snake,801,48,"16.68",1010144,"10",1465,10
194,test,snake_5,.png,"800",slider,0_10_1,How typical is this orientation?,snake,801,48,"16.68",1013590,"9",2624,9
195,test,crab_1,.png,"800",slider,0_10_1,How typical is this orientation?,crab,801,48,"16.68",1018284,"7",3882,7
196,test,crab_2,.png,"800",slider,0_10_1,How typical is this orientation?,crab,801,48,"16.68",1021248,"10",2142,10
197,test,crab_3,.png,"800",slider,0_10_1,How typical is this orientation?,crab,801,48,"16.68",1024388,"3",2329,3
198,test,crab_4,.png,"800",slider,0_10_1,How typical is this orientation?,crab,801,48,"16.68",1026983,"10",1788,10
199,test,crab_5,.png,"800",slider,0_10_1,How typical is this orientation?,crab,801,48,"16.68",1029899,"10",2100,10
200,test,penguin_1,.png,"800",slider,0_10_1,How typical is this orientation?,penguin,801,48,"16.68",1048574,"10",17858,10
201,test,penguin_2,.png,"800",slider,0_10_1,How typical is this orientation?,penguin,801,48,"16.68",1052739,"7",3358,7
202,test,penguin_3,.png,"800",slider,0_10_1,How typical is this orientation?,penguin,801,48,"16.68",1055896,"8",2344,8
203,test,penguin_4,.png,"800",slider,0_10_1,How typical is this orientation?,penguin,801,48,"16.68",1058490,"10",1785,10
204,test,penguin_5,.png,"800",slider,0_10_1,How typical is this orientation?,penguin,801,48,"16.68",1061334,"6",2029,6
205,test,keyboard_1,.png,"800",slider,0_10_1,How typical is this orientation?,keyboard,801,48,"16.68",1064601,"10",2460,10
206,test,keyboard_2,.png,"800",slider,0_10_1,How typical is this orientation?,keyboard,801,48,"16.68",1067848,"2",2437,2
207,test,keyboard_3,.png,"800",slider,0_10_1,How typical is this orientation?,keyboard,801,48,"16.68",1071355,"9",2691,9
208,test,keyboard_4,.png,"800",slider,0_10_1,How typical is this orientation?,keyboard,801,48,"16.68",1075954,"7",3788,7
209,test,keyboard_5,.png,"800",slider,0_10_1,How typical is this orientation?,keyboard,801,48,"16.68",1080518,"9",3747,9
210,test,drill_1,.png,"800",slider,0_10_1,How typical is this orientation?,drill,801,48,"16.68",1083796,"10",2455,10
211,test,drill_2,.png,"800",slider,0_10_1,How typical is this orientation?,drill,801,48,"16.68",1087295,"10",2685,10
212,test,drill_3,.png,"800",slider,0_10_1,How typical is this orientation?,drill,801,48,"16.68",1089979,"10",1866,10
213,test,drill_4,.png,"800",slider,0_10_1,How typical is this orientation?,drill,799,48,"16.64",1094296,"6",3499,6
214,test,drill_5,.png,"800",slider,0_10_1,How typical is this orientation?,drill,801,48,"16.68",1097052,"10",1934,10
215,test,record_player_1,.png,"800",slider,0_10_1,How typical is this orientation?,record_player,801,48,"16.68",1100561,"10",2690,10
216,test,record_player_2,.png,"800",slider,0_10_1,How typical is this orientation?,record_player,801,48,"16.68",1105158,"7",3786,7
217,test,record_player_3,.png,"800",slider,0_10_1,How typical is this orientation?,record_player,801,48,"16.68",1108268,"5",2290,5
218,test,record_player_4,.png,"800",slider,0_10_1,How typical is this orientation?,record_player,801,48,"16.68",1118489,"8",9409,8
219,test,record_player_5,.png,"800",slider,0_10_1,How typical is this orientation?,record_player,801,48,"16.68",1146471,"9",27166,9
220,test,bicycle_1,.png,"800",slider,0_10_1,How typical is this orientation?,bicycle,801,48,"16.68",1149788,"10",2494,10
221,test,bicycle_2,.png,"800",slider,0_10_1,How typical is this orientation?,bicycle,801,48,"16.68",1152695,"10",2098,10
222,test,bicycle_3,.png,"800",slider,0_10_1,How typical is this orientation?,bicycle,801,48,"16.68",1155212,"10",1695,10
223,test,bicycle_4,.png,"800",slider,0_10_1,How typical is this orientation?,bicycle,799,48,"16.64",1159018,"6",3001,6
224,test,bicycle_5,.png,"800",slider,0_10_1,How typical is this orientation?,bicycle,801,48,"16.68",1162749,"10",2911,10
225,test,laptop_1,.png,"800",slider,0_10_1,How typical is this orientation?,laptop,801,48,"16.68",1167212,"7",3654,7
226,test,laptop_2,.png,"800",slider,0_10_1,How typical is this orientation?,laptop,801,48,"16.68",1170432,"10",2404,10
227,test,laptop_3,.png,"800",slider,0_10_1,How typical is this orientation?,laptop,801,48,"16.68",1173235,"9",1989,9
228,test,laptop_4,.png,"800",slider,0_10_1,How typical is this orientation?,laptop,801,48,"16.68",1176270,"10",2221,10
229,test,laptop_5,.png,"800",slider,0_10_1,How typical is this orientation?,laptop,801,48,"16.68",1180581,"2",3496,2
230,test,camel_1,.png,"800",slider,0_10_1,How typical is this orientation?,camel,801,48,"16.68",1185051,"4",3647,4
231,test,camel_2,.png,"800",slider,0_10_1,How typical is this orientation?,camel,801,48,"16.68",1188671,"10",2812,10
232,test,camel_3,.png,"800",slider,0_10_1,How typical is this orientation?,camel,801,48,"16.68",1191404,"10",1910,10
233,test,camel_4,.png,"800",slider,0_10_1,How typical is this orientation?,camel,801,48,"16.68",1193791,"10",1580,10
234,test,camel_5,.png,"800",slider,0_10_1,How typical is this orientation?,camel,801,48,"16.68",1196529,"10",1929,10
235,test,coins_1,.png,"800",slider,0_10_1,How typical is this orientation?,coins,801,48,"16.68",1198997,"10",1645,10
236,test,coins_2,.png,"800",slider,0_10_1,How typical is this orientation?,coins,801,48,"16.68",1201078,"10",1260,10
237,test,coins_3,.png,"800",slider,0_10_1,How typical is this orientation?,coins,801,48,"16.68",1203660,"10",1772,10
238,test,coins_4,.png,"800",slider,0_10_1,How typical is this orientation?,coins,801,48,"16.68",1206703,"10",2229,10
239,test,coins_5,.png,"800",slider,0_10_1,How typical is this orientation?,coins,801,48,"16.68",1209587,"10",2076,10
240,test,hammer_1,.png,"800",slider,0_10_1,How typical is this orientation?,hammer,801,48,"16.68",1212439,"4",2044,4
241,test,hammer_2,.png,"800",slider,0_10_1,How typical is this orientation?,hammer,801,48,"16.68",1215243,"10",1997,10
242,test,hammer_3,.png,"800",slider,0_10_1,How typical is this orientation?,hammer,801,48,"16.68",1218847,"10",2799,10
243,test,hammer_4,.png,"800",slider,0_10_1,How typical is this orientation?,hammer,801,48,"16.68",1223605,"7",3936,7
244,test,hammer_5,.png,"800",slider,0_10_1,How typical is this orientation?,hammer,801,48,"16.68",1226689,"10",2266,10
245,test,jet_1,.png,"800",slider,0_10_1,How typical is this orientation?,jet,801,48,"16.68",1229733,"10",2223,10
246,test,jet_2,.png,"800",slider,0_10_1,How typical is this orientation?,jet,801,48,"16.68",1233105,"6",2561,6
247,test,jet_3,.png,"800",slider,0_10_1,How typical is this orientation?,jet,801,48,"16.68",1236261,"6",2347,6
248,test,jet_4,.png,"800",slider,0_10_1,How typical is this orientation?,jet,801,48,"16.68",1240731,"10",3648,10
249,test,jet_5,.png,"800",slider,0_10_1,How typical is this orientation?,jet,801,48,"16.68",1244521,"8",2967,8
250,test,dog_1,.png,"800",slider,0_10_1,How typical is this orientation?,dog,801,48,"16.68",1247293,"3",1952,3
251,test,dog_2,.png,"800",slider,0_10_1,How typical is this orientation?,dog,801,48,"16.68",1249936,"10",1827,10
252,test,dog_3,.png,"800",slider,0_10_1,How typical is this orientation?,dog,801,48,"16.68",1252275,"10",1529,10
253,test,dog_4,.png,"800",slider,0_10_1,How typical is this orientation?,dog,801,48,"16.68",1255704,"7",2607,7
254,test,dog_5,.png,"800",slider,0_10_1,How typical is this orientation?,dog,801,48,"16.68",1258812,"10",2297,10
255,test,crocodile_1,.png,"800",slider,0_10_1,How typical is this orientation?,crocodile,801,48,"16.68",1273843,"6",14224,6
256,test,crocodile_2,.png,"800",slider,0_10_1,How typical is this orientation?,crocodile,801,48,"16.68",1279193,"10",4530,10
257,test,crocodile_3,.png,"800",slider,0_10_1,How typical is this orientation?,crocodile,801,48,"16.68",1288626,"5",8624,5
258,test,crocodile_4,.png,"800",slider,0_10_1,How typical is this orientation?,crocodile,801,48,"16.68",1291614,"10",2172,10
259,test,crocodile_5,.png,"800",slider,0_10_1,How typical is this orientation?,crocodile,801,48,"16.68",1295218,"9",2789,9
260,test,scissors_1,.png,"800",slider,0_10_1,How typical is this orientation?,scissors,801,48,"16.68",1297989,"10",1957,10
261,test,scissors_2,.png,"800",slider,0_10_1,How typical is this orientation?,scissors,801,48,"16.68",1300729,"10",1930,10
262,test,scissors_3,.png,"800",slider,0_10_1,How typical is this orientation?,scissors,801,48,"16.68",1303195,"10",1643,10
263,test,scissors_4,.png,"800",slider,0_10_1,How typical is this orientation?,scissors,801,48,"16.68",1306562,"6",2558,6
264,test,scissors_5,.png,"800",slider,0_10_1,How typical is this orientation?,scissors,801,48,"16.68",1309284,"6",1909,6
265,test,goat_1,.png,"800",slider,0_10_1,How typical is this orientation?,goat,801,48,"16.68",1312056,"5",1965,5
266,test,goat_2,.png,"800",slider,0_10_1,How typical is this orientation?,goat,801,48,"16.68",1314668,"4",1790,4
267,test,goat_3,.png,"800",slider,0_10_1,How typical is this orientation?,goat,801,48,"16.68",1316925,"10",1447,10
268,test,goat_4,.png,"800",slider,0_10_1,How typical is this orientation?,goat,801,48,"16.68",1319570,"10",1838,10
269,test,goat_5,.png,"800",slider,0_10_1,How typical is this orientation?,goat,801,48,"16.68",1322438,"8",2053,8
270,test,motorcycle_1,.png,"800",slider,0_10_1,How typical is this orientation?,motorcycle,801,48,"16.68",1325897,"10",2644,10
271,test,motorcycle_2,.png,"800",slider,0_10_1,How typical is this orientation?,motorcycle,801,48,"16.68",1330191,"10",3485,10
272,test,motorcycle_3,.png,"800",slider,0_10_1,How typical is this orientation?,motorcycle,801,48,"16.68",1333558,"10",2549,10
273,test,motorcycle_4,.png,"800",slider,0_10_1,How typical is this orientation?,motorcycle,801,48,"16.68",1336102,"10",1723,10
274,test,motorcycle_5,.png,"800",slider,0_10_1,How typical is this orientation?,motorcycle,801,48,"16.68",1341319,"7",4406,7
275,test,rhino_1,.png,"800",slider,0_10_1,How typical is this orientation?,rhino,801,48,"16.68",1347168,"5",5033,5
276,test,rhino_2,.png,"800",slider,0_10_1,How typical is this orientation?,rhino,801,48,"16.68",1350117,"10",2128,10
277,test,rhino_3,.png,"800",slider,0_10_1,How typical is this orientation?,rhino,799,48,"16.65",1353679,"6",2755,6
278,test,rhino_4,.png,"800",slider,0_10_1,How typical is this orientation?,rhino,801,48,"16.68",1356628,"10",2131,10
279,test,rhino_5,.png,"800",slider,0_10_1,How typical is this orientation?,rhino,801,48,"16.68",1359462,"10",2014,10
280,test,shark_1,.png,"800",slider,0_10_1,How typical is this orientation?,shark,801,48,"16.68",1362932,"7",2650,7
281,test,shark_2,.png,"800",slider,0_10_1,How typical is this orientation?,shark,801,48,"16.68",1365663,"10",1910,10
282,test,shark_3,.png,"800",slider,0_10_1,How typical is this orientation?,shark,801,48,"16.68",1371824,"10",5353,10
283,test,shark_4,.png,"800",slider,0_10_1,How typical is this orientation?,shark,801,48,"16.68",1374602,"10",1959,10
284,test,shark_5,.png,"800",slider,0_10_1,How typical is this orientation?,shark,801,48,"16.68",1388931,"10",13520,10
285,test,bat_1,.png,"800",slider,0_10_1,How typical is this orientation?,bat,801,48,"16.68",1391727,"10",1987,10
286,test,bat_2,.png,"800",slider,0_10_1,How typical is this orientation?,bat,801,48,"16.68",1394899,"9",2357,9
287,test,bat_3,.png,"800",slider,0_10_1,How typical is this orientation?,bat,801,48,"16.68",1397463,"10",1752,10
288,test,bat_4,.png,"800",slider,0_10_1,How typical is this orientation?,bat,801,48,"16.68",1399836,"10",1554,10
289,test,bat_5,.png,"800",slider,0_10_1,How typical is this orientation?,bat,801,48,"16.68",1402700,"10",2051,10
290,test,washer_1,.png,"800",slider,0_10_1,How typical is this orientation?,washer,801,48,"16.68",1406186,"10",2668,10
291,test,washer_2,.png,"800",slider,0_10_1,How typical is this orientation?,washer,801,48,"16.68",1408607,"10",1603,10
292,test,washer_3,.png,"800",slider,0_10_1,How typical is this orientation?,washer,799,48,"16.64",1412900,"9",3478,9
293,test,washer_4,.png,"800",slider,0_10_1,How typical is this orientation?,washer,801,48,"16.68",1416096,"9",2387,9
294,test,washer_5,.png,"800",slider,0_10_1,How typical is this orientation?,washer,801,48,"16.68",1418852,"8",1941,8
295,test,tiger_1,.png,"800",slider,0_10_1,How typical is this orientation?,tiger,801,48,"16.68",1424820,"10",5157,10
296,test,tiger_2,.png,"800",slider,0_10_1,How typical is this orientation?,tiger,801,48,"16.68",1427591,"10",1954,10
297,test,tiger_3,.png,"800",slider,0_10_1,How typical is this orientation?,tiger,801,48,"16.68",1430682,"4",2277,4
298,test,tiger_4,.png,"800",slider,0_10_1,How typical is this orientation?,tiger,801,48,"16.68",1433696,"10",2203,10
299,test,tiger_5,.png,"800",slider,0_10_1,How typical is this orientation?,tiger,801,48,"16.68",1437122,"10",2613,10
300,test,wrench_1,.png,"800",slider,0_10_1,How typical is this orientation?,wrench,801,48,"16.68",1439832,"9",1886,9
301,test,wrench_2,.png,"800",slider,0_10_1,How typical is this orientation?,wrench,801,48,"16.68",1442171,"10",1522,10
302,test,wrench_3,.png,"800",slider,0_10_1,How typical is this orientation?,wrench,801,48,"16.68",1444654,"10",1671,10
303,test,wrench_4,.png,"800",slider,0_10_1,How typical is this orientation?,wrench,801,48,"16.68",1446994,"10",1524,10
304,test,wrench_5,.png,"800",slider,0_10_1,How typical is this orientation?,wrench,801,48,"16.68",1450502,"6",2699,6